queryNumber,OptimalBST,Array,HashTable
0,0.000000,0.000000,0.000000
1000,0.058100,0.779800,0.502900
2000,0.662900,0.698700,0.656600
3000,0.998800,0.993700,0.996900
4000,1.637700,1.360900,0.990800
5000,0.997600,1.994900,1.999200
6000,1.989800,2.431800,1.925300
7000,1.986100,2.018600,2.977200
8000,1.994400,3.998400,4.410800
9000,4.408100,5.061700,2.991500
10000,2.159900,2.252000,2.993700
11000,2.993900,3.037100,3.942300
12000,2.992100,3.992800,2.990200
13000,3.923800,2.958500,4.200100
14000,2.997400,4.641400,3.331000
15000,3.985600,3.990300,4.766800
16000,3.108300,5.474200,4.504500
17000,3.995700,4.981200,4.016800
18000,3.989000,5.158000,4.873500
19000,4.987400,4.986100,5.987100
20000,4.986900,5.046400,5.983400
21000,5.037600,5.932300,5.983800
22000,6.179100,5.993300,6.972600
23000,5.984400,5.982700,6.981300
24000,5.991100,7.125300,6.978500
25000,5.985700,6.981500,7.979000
26000,6.189000,6.979200,8.114800
27000,7.165100,7.325800,7.983700
28000,6.587700,6.980700,9.040800
29000,7.232600,7.454900,8.653300
30000,7.980800,7.977000,9.011200
31000,11.017000,11.278600,8.982000
32000,8.005900,8.994400,12.984300
33000,7.028000,8.920200,8.975500
34000,7.978200,9.452500,9.973800
35000,8.276000,10.177900,11.968900
36000,8.006300,10.941700,10.400600
37000,9.006500,10.083300,10.900300
38000,8.669900,11.002300,10.940200
39000,9.971800,9.972800,11.566300
40000,10.501400,10.768000,11.559100
41000,10.454200,12.475700,16.832100
42000,9.974600,11.967900,11.968700
43000,12.360100,19.946900,11.968200
44000,13.962300,11.977200,12.966200
45000,11.029300,17.973000,11.968200
46000,11.259900,12.830300,12.905400
47000,12.003600,13.962000,12.618400
48000,10.969800,14.033000,12.932300
49000,10.025500,12.373200,12.593200
50000,15.987200,12.004900,13.962600
51000,14.923500,11.968800,13.993700
52000,11.143700,11.882300,15.027000
53000,10.965500,12.274300,14.959500
54000,11.968500,12.996800,14.834800
55000,16.759700,12.508200,14.958500
56000,12.998600,13.963300,14.959800
57000,11.259700,14.162000,17.986500
58000,11.967400,14.483200,15.972100
59000,12.730800,13.303600,16.284300
60000,12.663100,13.338500,16.922500
61000,13.397000,21.975100,16.953600
62000,13.325400,14.968300,16.464200
63000,13.989000,14.932400,18.265800
64000,12.964200,17.194500,20.943100
65000,13.963000,14.993500,18.593100
66000,15.844800,15.748100,17.235000
67000,22.406100,19.947300,17.986600
68000,14.861500,15.955200,19.089800
69000,14.742800,15.957500,18.998300
70000,15.527000,17.123100,19.943800
71000,18.355800,22.129200,20.357400
72000,19.476000,26.547100,20.761900
73000,20.880900,22.957200,21.001400
74000,18.983900,23.360300,21.509200
75000,19.237700,24.051300,20.909700
76000,29.710300,23.687200,21.941100
77000,19.529100,24.090900,22.987000
78000,18.512500,25.414200,22.457700
79000,19.997900,24.531900,22.971000
80000,19.172500,25.495200,22.899800
81000,19.971600,26.569100,22.938600
82000,20.154400,25.935000,23.888500
83000,20.296800,26.043800,23.903900
84000,20.227900,27.040800,23.887500
85000,23.994600,40.383100,40.820000
86000,34.906700,41.501100,40.888700
87000,35.634100,41.308800,40.632400
88000,40.442000,42.605000,41.055500
89000,36.226600,42.693000,42.098500
90000,37.174400,42.976200,42.739600
91000,36.498200,42.976600,44.088900
92000,37.397300,45.619300,44.079000
93000,37.459900,36.269700,30.869300
94000,24.192000,31.912000,31.239400
95000,25.095000,32.000600,30.950200
96000,24.558200,32.975500,33.908400
97000,25.025500,33.866800,31.300400
98000,25.807200,33.373000,32.386000
99000,25.930500,33.663200,33.025700
100000,26.126100,33.910000,33.713200
101000,27.061200,34.539700,32.906400
102000,26.713800,34.971600,33.975600
103000,28.226800,35.771700,34.216300
104000,26.831100,32.133900,30.790700
105000,25.521500,37.895200,30.930400
106000,25.915100,33.957400,30.916500
107000,27.078900,34.074700,35.957900
108000,26.568700,34.926200,31.283900
109000,27.396200,34.603000,31.305900
110000,27.282800,35.061300,31.954600
111000,26.923300,36.023800,31.329100
112000,28.584700,34.843000,32.335100
113000,27.952500,38.179200,32.232700
114000,28.999800,35.902600,32.912200
115000,25.973200,30.935800,32.961000
116000,26.025900,31.703600,32.961500
117000,29.010800,33.338700,33.578100
118000,26.737100,32.043300,34.287900
119000,27.034000,31.914200,34.911100
120000,27.162700,32.667100,39.174700
121000,27.848700,32.987300,34.013900
122000,32.178400,33.019900,41.772600
123000,38.082900,33.900500,41.513400
124000,30.983400,32.995200,43.329500
125000,38.895900,46.951300,46.635800
126000,40.464500,47.425000,52.956000
127000,40.587100,47.005700,46.865000
128000,41.481200,49.619600,46.371900
129000,41.077900,48.378900,47.389900
130000,40.890400,48.936500,48.002900
131000,43.306400,49.036600,47.887700
132000,42.169200,39.843500,41.231600
133000,31.659700,39.964200,42.956500
134000,31.497100,45.844600,42.106300
135000,32.425400,40.591000,43.990200
136000,35.989100,40.965000,42.972200
137000,32.911600,41.245900,42.920500
138000,33.427000,41.672900,43.088000
139000,32.414300,42.777000,42.885400
140000,32.918000,37.994300,43.441300
141000,31.788900,49.134600,40.445400
142000,36.154200,39.852300,41.095400
143000,32.688200,38.157800,40.422200
144000,32.246700,39.927900,41.194200
145000,33.901500,38.992600,41.922200
146000,33.117800,39.907600,42.205100
147000,33.804800,39.766000,41.935200
148000,33.931700,39.918300,44.918800
149000,38.043800,38.050700,52.996300
150000,43.076400,38.002400,46.611300
151000,37.059300,38.006000,45.866100
152000,36.825100,38.593000,46.488500
153000,39.343600,39.052300,47.467200
154000,37.415600,39.562500,46.964100
155000,38.229100,40.105300,47.409000
156000,38.801300,40.453900,50.673500
157000,39.893000,42.153200,54.819700
158000,45.061700,41.896600,58.398000
159000,39.916700,42.951700,55.877800
160000,40.901400,42.278100,54.884000
161000,40.874100,41.983200,56.392800
162000,46.121800,51.296700,60.667400
163000,41.857700,47.864600,48.869300
164000,35.906600,38.931100,43.883600
165000,35.939500,40.357500,44.330800
166000,35.938100,40.283700,45.555000
167000,35.903300,41.158800,45.931000
168000,35.792700,41.502800,45.430300
169000,37.972400,41.193400,45.909100
170000,39.972000,40.982000,47.245600
171000,36.745200,41.854000,52.121000
172000,44.457300,63.889200,56.700900
173000,44.958800,59.504800,57.557800
174000,45.017100,59.109700,57.910500
175000,44.933500,60.129600,58.584700
176000,46.206000,58.967300,59.063600
177000,47.591400,60.156900,57.817000
178000,61.833800,62.952300,54.482800
179000,45.962600,55.746600,53.855900
180000,46.080500,56.027000,54.056400
181000,57.572600,58.843300,59.888200
182000,46.460200,60.563200,55.000500
183000,46.475800,57.633200,55.821800
184000,45.069200,49.996100,56.020800
185000,45.996000,50.272900,55.361900
186000,51.942800,62.970500,56.775400
187000,45.877600,50.120900,57.315700
188000,46.397000,50.866800,57.203300
189000,47.532800,49.922500,56.941200
190000,46.641800,60.943300,60.068600
191000,47.236700,61.190700,57.622300
192000,47.325900,62.159800,54.827500
193000,47.084100,61.943100,56.361200
194000,48.869000,61.834100,55.864100
195000,48.181200,62.961000,56.883900
196000,48.571600,55.578700,54.901000
197000,47.436200,54.635000,61.552800
198000,48.000800,55.760400,55.864700
199000,47.036400,55.019800,56.879800
200000,46.800200,56.964400,56.422700
201000,47.562000,56.279000,59.847700
202000,47.204800,54.992500,72.372300
203000,52.997900,53.922200,72.077500
204000,47.902200,53.854100,72.185500
205000,47.702700,55.329500,71.888700
206000,47.053600,54.988000,73.412700
207000,52.682200,60.019100,72.087700
208000,52.010300,54.925200,63.141500
209000,52.056400,55.873000,64.005200
210000,52.248800,56.502600,63.163100
211000,57.961300,57.695100,68.800000
212000,52.374900,57.003500,64.246800
213000,53.186700,56.575900,65.988200
214000,49.958200,60.093100,61.320500
215000,50.079300,62.165700,79.541200
216000,50.348000,60.683700,61.418600
217000,53.461600,60.647500,60.922900
218000,50.862600,62.032700,71.434200
219000,51.232200,50.524400,69.331100
220000,49.521400,51.016100,80.665100
221000,49.635400,51.585700,69.613300
222000,62.088400,54.850900,71.930900
223000,48.740300,53.089700,80.890900
224000,49.901800,52.364300,67.922400
225000,56.270900,73.372300,66.423100
226000,55.969200,74.065300,65.146300
227000,57.802500,74.033300,66.002900
228000,57.712900,73.380000,73.896500
229000,62.282600,75.094700,74.681900
230000,58.835600,77.153400,83.938000
231000,57.892100,61.370600,83.099300
232000,59.746000,61.176000,81.272300
233000,59.791700,61.925000,81.619800
234000,60.493600,61.841800,72.223500
235000,57.270700,60.653500,71.612500
236000,57.316700,60.361000,72.351700
237000,58.217500,60.080900,74.002900
238000,63.933800,60.252700,73.116200
239000,63.328300,60.329100,78.208200
240000,61.933100,76.982600,83.853100
241000,63.169600,78.413900,81.703100
242000,65.226900,78.129300,81.714600
243000,63.389200,83.241500,83.793200
244000,61.177800,69.776400,69.612600
245000,61.405500,69.275200,70.069500
246000,58.111100,69.715800,79.161600
247000,59.220400,68.887200,69.704300
248000,58.101400,69.149200,70.423100
249000,60.304500,67.017200,76.007500
250000,61.009800,67.107200,76.274800
251000,62.131800,66.985400,77.648700
252000,61.970200,69.357700,79.811800
253000,63.029900,67.803800,77.286000
254000,64.858900,79.041800,76.818400
255000,64.373700,79.833500,83.850800
256000,69.263600,80.184400,77.632600
257000,65.072600,83.250800,85.655400
258000,65.545000,72.769400,73.387700
259000,63.240500,71.032500,74.145400
260000,61.769600,91.936400,74.474000
261000,69.524500,71.085100,73.100600
262000,62.932200,72.944200,89.935000
263000,58.066400,61.867400,83.067900
264000,57.764200,62.603400,97.394500
265000,58.226000,67.128100,85.197800
266000,72.214500,63.924300,84.188300
267000,58.629000,63.158000,105.779500
268000,91.483700,117.040000,120.540700
269000,88.060100,103.641300,108.941500
270000,88.280200,104.908700,102.525000
271000,75.976100,95.520500,87.159800
272000,77.344600,95.785100,89.223100
273000,76.238600,97.369200,86.950400
274000,76.992000,96.975300,90.508200
275000,72.290000,107.026000,90.963700
276000,71.682800,98.838900,92.294500
277000,74.062800,94.515200,92.543400
278000,72.144100,98.113000,101.869600
279000,73.150000,89.971700,95.799600
280000,72.099400,89.996200,98.131200
281000,73.951500,90.797400,95.507900
282000,73.490100,85.973600,96.109300
283000,79.496800,87.784400,95.384300
284000,82.013400,85.974200,96.179200
285000,79.759200,87.738500,100.742900
286000,89.296700,98.218600,93.058300
287000,79.834500,104.064800,103.248100
288000,79.467900,99.545600,100.990800
289000,80.548300,107.324200,83.384400
290000,71.965900,96.690300,83.561900
291000,78.477700,86.432400,84.604000
292000,72.046500,88.318800,92.410300
293000,72.037900,86.346200,83.366100
294000,71.236300,79.989800,84.401900
295000,70.895400,81.104200,86.616100
296000,75.956500,81.090500,85.454300
297000,71.200700,81.390900,99.366000
298000,98.466200,115.256800,105.218600
299000,94.693400,116.946700,108.111200
300000,97.176800,116.441400,101.708900
301000,84.848600,106.259600,103.811000
302000,84.347400,111.364700,97.036600
303000,84.018900,120.918700,98.053500
304000,81.814400,72.933000,83.288500
305000,64.729700,72.227200,83.133200
306000,65.434600,71.574500,83.955300
307000,80.315800,80.496800,84.115200
308000,66.132100,77.095200,123.806300
309000,80.540900,106.111400,102.504600
310000,80.647400,105.900000,104.266000
311000,80.896000,105.982900,102.910500
312000,87.120100,102.790800,99.512000
313000,87.718900,103.821100,114.333600
314000,87.766300,107.209600,107.760000
315000,94.920800,113.535700,101.776600
316000,88.763500,113.976200,102.117400
317000,91.988900,113.386400,101.790900
318000,94.257100,109.385600,93.713700
319000,77.923300,100.042700,92.565900
320000,79.413900,104.819300,94.750300
321000,79.195500,101.018700,93.163100
322000,78.521600,98.398800,101.027900
323000,78.148800,104.461200,113.497100
324000,78.094300,98.898500,101.100000
325000,78.072900,113.124900,96.368300
326000,71.977100,79.511800,88.895000
327000,70.620600,80.176800,89.304000
328000,70.133700,90.893400,89.948600
329000,70.107500,80.267800,118.459300
330000,114.491400,142.594500,128.992300
331000,122.385400,159.868600,129.991400
332000,109.933300,89.239900,95.177800
333000,75.127300,89.913400,96.667100
334000,76.199500,91.534100,96.033700
335000,75.938700,90.842900,96.217400
336000,72.256600,78.703800,92.934200
337000,72.130300,79.192900,100.878600
338000,72.750800,82.521800,92.891000
339000,74.559300,84.022400,97.126700
340000,83.035800,108.144300,99.110500
341000,82.946100,117.902800,99.220600
342000,97.619300,123.148900,98.831300
343000,89.076200,154.131200,148.049300
344000,131.613100,138.953800,134.928100
345000,112.354700,144.026000,114.624900
346000,84.095200,97.232900,111.028400
347000,85.244800,87.812600,116.882900
348000,83.946100,88.750600,121.453100
349000,85.401400,111.699400,109.750200
350000,86.294000,110.015300,101.935600
351000,86.150700,109.972300,102.603900
352000,86.849400,106.069300,99.769400
353000,82.764300,99.942900,100.223300
354000,82.975200,100.746700,100.051600
355000,83.403800,100.279800,106.785000
356000,110.634400,128.909600,126.065400
357000,112.967400,128.884200,126.545400
358000,111.545600,130.099800,123.391600
359000,90.166000,112.759800,115.832100
360000,90.310300,113.548200,108.860100
361000,94.354000,116.410000,105.050500
362000,82.290700,98.598700,110.697800
363000,88.423900,97.559600,104.322900
364000,82.157300,98.845700,104.103500
365000,84.489700,99.522800,110.980700
366000,89.340500,92.797600,111.893100
367000,94.048300,93.932900,117.859400
368000,90.755000,96.461900,114.821600
369000,97.475000,101.810200,112.417400
370000,90.584600,115.045000,124.993200
371000,91.429300,101.811600,105.285400
372000,79.695400,90.391000,101.672800
373000,92.752300,90.848000,101.927500
374000,79.463600,91.298400,101.831800
375000,80.446800,121.743000,113.824600
376000,94.411700,122.826200,112.065400
377000,93.490100,122.486000,110.616300
378000,97.030500,118.789400,119.539300
379000,95.414900,118.596400,113.951200
380000,98.027200,128.518800,115.202900
381000,129.939600,123.608300,147.034300
382000,111.359900,121.140600,172.106000
383000,101.746400,122.967000,125.672000
384000,94.191700,128.495400,110.288600
385000,95.127100,123.060600,111.362400
386000,95.121700,131.072800,111.438900
387000,102.137200,114.816400,111.931900
388000,107.806900,128.473000,111.222700
389000,96.813300,115.674700,127.449500
390000,89.582600,104.083400,137.769800
391000,90.867400,103.965400,139.150400
392000,90.627200,104.734700,127.530100
393000,97.049800,108.766400,121.198800
394000,98.308400,111.718400,121.587200
395000,98.298500,109.117800,128.433200
396000,99.130000,119.212100,122.336700
397000,115.399600,114.080500,115.061600
398000,94.034300,112.682900,109.635900
399000,84.498900,94.948100,116.273300
400000,84.763000,101.439000,111.985300
401000,91.567700,110.411400,109.896300
402000,100.096200,132.694100,118.098200
403000,101.086000,131.266100,117.022800
404000,100.303900,132.493800,131.277500
405000,107.953500,129.622100,155.597800
406000,107.856300,130.081700,167.691600
407000,107.899700,101.873800,128.867800
408000,94.360000,101.474400,130.157900
409000,88.893600,96.000600,134.541500
410000,97.870500,111.011700,139.427400
411000,106.818200,137.986000,154.244400
412000,117.235000,135.849500,139.644000
413000,124.553000,122.813000,119.511400
414000,101.985300,123.017000,129.012500
415000,102.534900,128.218700,130.492400
416000,118.775200,137.958700,131.049900
417000,113.086000,128.295300,132.255200
418000,128.292800,166.685000,152.470700
419000,127.581200,155.019000,152.402100
420000,122.454800,157.437900,121.456000
421000,99.240300,116.651600,124.332000
422000,99.857400,117.784300,129.487000
423000,100.473700,112.424200,115.489700
424000,91.508100,99.952000,116.334300
425000,90.804600,100.740900,115.609500
426000,90.420600,101.129200,137.105700
427000,140.928700,155.708200,150.292400
428000,135.586200,154.164300,155.867200
429000,127.477500,124.140800,149.876500
430000,132.013300,135.976100,146.256200
431000,119.102600,134.191800,147.750800
432000,112.744500,149.008500,144.521800
433000,112.283900,146.834400,146.880800
434000,117.372500,139.730900,146.986900
435000,111.945700,141.892500,158.970100
436000,115.094000,195.213600,185.945800
437000,172.254100,220.829100,203.345700
438000,143.110000,162.704600,159.304800
439000,143.692900,167.938700,159.937500
440000,127.827200,132.330100,137.859100
441000,105.775900,132.123200,138.019600
442000,106.000700,141.238100,135.111500
443000,106.173400,130.271800,125.589800
444000,105.844300,121.899800,125.424000
445000,105.262600,125.384500,145.140600
446000,127.299600,154.118400,158.264600
447000,132.517500,153.749800,149.930600
448000,122.972000,131.289300,158.677400
449000,123.028500,133.993100,160.356600
450000,125.147300,113.992500,122.789400
451000,96.739800,110.502300,123.179300
452000,96.765900,110.699700,122.964100
453000,96.704300,141.619200,155.283900
454000,117.991900,155.611400,152.090100
455000,137.181400,156.078100,139.010500
456000,121.225600,142.766800,138.964100
457000,116.161300,142.245700,137.724800
458000,129.674000,181.938300,171.988600
459000,148.986400,167.373700,173.314300
460000,131.944300,154.992800,133.288000
461000,112.810100,148.781200,134.136200
462000,114.796600,147.978100,143.365600
463000,109.637100,139.410000,145.384600
464000,109.840800,141.304400,146.144900
465000,107.173700,114.018600,127.912700
466000,102.980600,147.187300,142.031100
467000,100.819500,114.019300,129.106600
468000,131.202100,144.228800,157.159900
469000,130.726300,143.884900,159.051000
470000,130.524000,126.262800,142.598600
471000,109.049000,128.326400,136.558100
472000,129.997800,128.111400,133.896100
473000,100.464200,114.907000,141.054200
474000,106.829800,120.778000,129.888300
475000,121.045100,122.427000,144.227600
476000,118.833500,167.982600,136.951100
477000,117.536200,159.077700,138.691300
478000,145.044000,182.220100,168.733900
479000,149.838700,192.956500,171.021400
480000,121.419100,123.535100,146.850400
481000,116.740400,124.448700,147.043400
482000,117.033700,129.131800,140.994800
483000,118.788800,159.221900,139.748000
484000,119.444500,154.821600,138.959700
485000,113.215100,136.111300,138.703900
486000,118.640400,137.470100,138.302300
487000,115.171700,144.664300,152.897300
488000,133.321700,150.358200,155.163400
489000,132.238300,164.971100,155.228100
490000,122.729600,153.495800,148.320900
491000,138.676600,153.432400,147.250900
492000,119.052600,135.976900,140.225800
493000,117.892200,135.352700,140.386100
494000,120.184800,145.250300,157.706300
495000,107.890600,115.166400,157.752600
496000,109.014500,114.868800,158.426600
497000,118.111700,150.026400,159.121800
498000,133.442500,159.788900,159.081100
499000,138.184500,137.286200,176.804600
500000,121.363200,139.552000,181.827800
501000,116.440600,132.958400,150.190000
502000,125.206500,164.186700,149.082800
503000,124.906900,164.081500,154.789100
504000,129.670500,162.489200,185.765300
505000,133.988100,163.658600,170.141300
506000,142.165300,157.029100,167.877700
507000,137.590300,154.566700,160.020100
508000,135.939900,165.967500,146.341100
509000,126.703200,165.739200,146.072700
510000,130.109600,161.337900,154.517000
511000,130.118600,154.946200,147.286900
512000,125.969400,152.654200,146.377300
513000,136.687600,143.010100,162.281700
514000,122.676900,142.012700,145.924400
515000,126.903900,157.117800,164.943300
516000,142.808200,155.237300,166.050100
517000,134.759100,154.097800,150.188700
518000,127.929500,160.544200,162.829900
519000,127.808300,178.381300,140.965700
520000,109.828500,122.916200,142.978300
521000,110.046400,123.972400,143.669200
522000,140.869500,169.920900,150.255400
523000,131.869600,170.810800,151.093200
524000,135.136300,169.650100,165.330700
525000,140.661200,186.969600,203.909300
526000,141.983600,140.970400,184.198500
527000,146.893800,139.712800,186.019400
528000,137.210800,156.188700,155.914400
529000,131.063700,166.423600,161.546300
530000,131.247600,165.777500,152.992300
531000,131.026100,166.039500,152.021000
532000,130.033600,163.880300,166.811600
533000,165.087500,215.586900,188.773100
534000,165.636200,203.964400,162.244100
535000,131.927300,149.990400,163.224200
536000,134.560700,168.621300,170.770400
537000,121.478200,151.633000,161.482000
538000,123.504300,150.473300,154.088100
539000,119.391200,126.755500,146.099300
540000,115.358900,127.984800,147.596700
541000,115.151100,128.288500,205.790800
542000,181.083600,205.527600,206.065700
543000,192.156900,147.604100,194.176700
544000,136.809100,144.238000,192.173600
545000,136.699300,142.095300,177.990900
546000,133.304600,139.287800,167.533100
547000,133.515200,141.542000,162.982200
548000,136.037100,173.444700,160.524400
549000,136.003500,174.860100,193.039500
550000,167.818700,199.462900,210.230000
551000,162.000800,183.992100,176.473500
552000,141.788300,156.419400,168.556900
553000,138.889400,163.709800,190.664300
554000,133.127800,172.067200,181.967600
555000,132.596200,168.196100,162.740100
556000,125.974700,187.177000,164.857200
557000,125.629300,151.811600,169.064100
558000,139.218800,142.885400,171.927500
559000,138.323500,142.578900,172.550300
560000,166.670800,219.168700,202.775400
561000,176.038800,216.062400,171.867800
562000,122.934100,137.390400,153.877600
563000,121.239500,137.720300,155.185200
564000,156.990600,145.827100,177.767100
565000,136.849200,144.146900,172.229100
566000,149.664900,177.711100,185.108100
567000,143.021500,177.474700,170.530800
568000,151.282000,202.061000,198.839300
569000,171.331900,216.069500,211.391300
570000,139.670100,181.661100,164.759000
571000,141.164300,182.502200,175.445600
572000,135.845000,173.337000,179.000700
573000,153.915000,172.857100,185.576700
574000,132.470600,155.727100,208.050700
575000,132.600100,153.091600,205.916300
576000,193.103200,171.914700,220.329400
577000,164.208400,172.998400,184.405300
578000,136.382400,163.138400,168.823700
579000,141.399600,170.543300,197.978700
580000,134.656000,142.099000,185.962400
581000,126.813100,141.121400,181.195100
582000,144.941300,192.304100,170.343400
583000,145.239600,197.437100,173.060500
584000,161.528700,182.646300,189.864600
585000,156.137200,184.773700,188.055700
586000,137.405900,137.027100,186.181600
587000,128.064600,137.021300,188.993400
588000,151.446000,194.697600,198.553600
589000,150.992800,190.371700,180.742400
590000,145.166600,176.846000,169.578200
591000,147.919600,176.772900,181.669800
592000,164.842200,209.933600,191.332200
593000,170.793500,193.905000,207.590800
594000,167.159200,199.329900,201.990100
595000,154.000900,167.267900,168.184600
596000,143.814400,166.269400,170.252700
597000,142.543400,149.973900,190.043800
598000,130.628100,138.782000,190.728300
599000,130.913200,144.610600,191.927300
600000,199.934500,193.635100,199.321000
601000,170.009900,172.436500,219.671600
602000,143.938200,161.084700,222.017800
603000,152.963800,210.069400,198.490500
604000,160.752500,216.345300,201.975200
605000,156.744500,194.733400,204.914900
606000,156.355600,194.439200,197.027500
607000,169.622100,199.877600,207.810300
608000,169.505200,183.895200,186.162700
609000,151.903500,167.746200,187.437700
610000,149.925400,175.133100,195.555500
611000,144.294300,184.871200,196.555900
612000,145.956500,172.175200,175.226100
613000,147.170900,168.951000,191.102300
614000,153.868100,201.274200,213.068100
615000,174.239800,205.569000,217.800000
616000,159.526600,170.814600,200.896600
617000,152.965300,177.099500,184.029900
618000,131.052000,150.942600,167.883800
619000,130.435900,148.677300,168.508500
620000,146.881600,214.773900,222.460400
621000,161.330200,234.576300,223.008100
622000,202.164600,223.776200,237.270400
623000,202.004500,186.439300,240.818000
624000,168.273700,189.940200,253.563500
625000,154.380900,197.720900,182.968700
626000,154.172200,196.790800,191.098200
627000,155.358200,206.567400,196.086400
628000,149.375700,201.013500,250.235100
629000,226.703100,271.268700,242.240000
630000,161.043800,174.131400,205.047100
631000,156.011900,173.883200,186.754400
632000,156.750600,172.297000,181.834600
633000,148.816400,170.861300,184.947700
634000,144.067100,158.200400,173.589700
635000,135.681900,157.552500,183.031500
636000,169.697100,203.621700,190.973600
637000,156.718400,208.077700,201.575400
638000,163.684900,175.939100,196.177600
639000,158.507600,171.358800,208.202200
640000,155.842900,175.350900,195.571700
641000,156.973200,204.817900,201.041100
642000,157.569000,201.975600,186.705600
643000,155.059200,180.770100,190.234500
644000,152.328900,181.300300,190.388400
645000,166.310100,193.049700,266.018400
646000,170.161700,192.969000,206.624000
647000,181.567100,201.872800,194.823700
648000,171.972400,188.234000,185.936400
649000,147.567500,174.570200,185.893400
650000,149.158800,162.634000,211.248200
651000,142.221900,161.704700,211.787000
652000,142.184700,236.500200,267.640700
653000,223.900400,253.474800,238.028800
654000,151.631800,175.874700,234.090600
655000,152.553100,174.830700,201.625100
656000,159.231800,169.867600,202.421200
657000,169.408300,210.366000,224.027700
658000,171.078300,214.612400,229.586300
659000,234.425500,262.343500,258.069700
660000,221.967600,211.972700,206.294200
661000,168.575700,219.071900,190.395100
662000,170.580400,204.661300,190.965400
663000,162.877400,197.019300,221.934300
664000,153.926600,176.747700,235.149000
665000,153.833000,196.430100,229.814500
666000,180.011500,222.078100,229.325700
667000,162.712500,187.674200,204.816500
668000,157.711700,187.608400,189.100900
669000,146.713700,157.968700,183.035100
670000,142.612300,158.584400,183.008700
671000,191.287100,225.500100,193.315000
672000,170.197800,222.512100,231.458200
673000,206.777400,236.860000,224.524600
674000,175.049100,159.794000,214.521900
675000,160.910500,158.099200,215.215800
676000,173.486600,213.107300,196.337900
677000,170.873800,216.570900,196.793200
678000,167.601100,210.387500,194.444000
679000,180.591400,226.383400,256.406600
680000,220.405500,250.741900,271.578200
681000,176.240000,228.498800,230.992100
682000,178.528300,192.418800,201.467800
683000,170.888600,192.158000,198.199400
684000,157.936000,182.742100,186.006800
685000,149.038300,161.078300,187.014900
686000,179.189800,235.736600,229.318500
687000,194.731800,242.017900,270.063500
688000,240.327800,277.634200,258.353900
689000,177.682300,234.931800,229.046600
690000,187.098400,224.036800,201.012400
691000,169.959800,217.287700,201.694900
692000,186.501200,240.425000,231.595900
693000,216.957000,240.818600,230.448500
694000,190.890800,220.997800,225.232800
695000,177.709700,235.468400,221.146200
696000,165.441500,213.641700,218.597400
697000,158.052400,192.293100,200.681200
698000,165.308400,215.813800,309.019900
699000,267.088300,285.956600,243.607600
700000,186.549800,214.725700,222.248500
701000,182.866500,170.039900,191.132500
702000,156.069700,175.363200,196.143300
703000,159.001900,239.109400,234.507200
704000,182.662700,238.675600,251.377000
705000,203.621600,211.944200,250.776500
706000,194.590100,212.326700,274.930400
707000,187.800400,211.285300,218.016200
708000,179.905900,228.811300,205.039800
709000,181.018600,227.814000,223.362000
710000,181.479800,222.317000,232.224500
711000,164.425200,193.910400,258.064600
712000,164.517300,192.420800,225.235700
713000,196.672800,219.218600,250.080100
714000,177.098500,201.476700,207.895800
715000,174.558100,215.565900,200.418600
716000,153.169400,174.048100,194.756600
717000,156.100400,175.157100,204.735800
718000,190.830300,234.695100,206.966300
719000,180.780800,219.227200,228.518400
720000,201.255400,219.276400,228.795400
721000,174.915800,183.749900,220.308000
722000,175.695200,187.231100,217.761200
723000,177.623200,232.134600,217.147500
724000,177.181400,203.759600,205.853900
725000,170.363200,208.873300,220.008300
726000,240.834900,293.140400,287.949000
727000,223.721700,226.435500,219.826400
728000,182.245000,238.633000,209.422400
729000,171.500500,206.065900,207.052200
730000,172.884100,180.462100,235.014400
731000,159.681400,170.993500,233.505400
732000,215.555600,317.119000,292.925400
733000,258.322000,196.059000,265.022000
734000,169.200200,195.879300,267.625000
735000,190.899500,249.528600,250.842800
736000,212.453300,238.087600,283.186300
737000,191.781200,237.575000,283.119000
738000,215.383100,262.729000,277.345200
739000,186.165100,242.000200,222.324200
740000,183.301300,251.680500,224.813300
741000,187.582000,229.173100,223.234700
742000,183.548900,207.607900,212.142600
743000,189.999700,205.714200,240.793900
744000,215.868900,263.173100,241.690100
745000,212.560800,223.140900,215.134500
746000,251.124800,305.671300,251.447500
747000,219.005000,260.762000,313.150300
748000,267.703000,338.384000,300.744600
749000,267.902400,276.039900,268.941000
750000,198.323200,192.676100,222.745900
751000,165.646600,201.035500,221.101100
752000,187.060100,238.676500,220.666600
753000,190.803100,237.157100,252.916000
754000,200.888300,259.822600,282.169500
755000,271.644900,305.535900,306.082000
756000,300.440700,293.144000,297.026200
757000,221.212400,230.889800,275.899700
758000,283.004400,278.918900,302.787800
759000,191.246100,208.273300,264.789900
760000,266.097700,290.237600,279.176800
761000,243.209200,275.149700,285.666800
762000,222.329200,212.680400,258.710900
763000,194.393900,211.919100,238.349000
764000,201.404200,255.615800,251.041700
765000,241.818800,322.260500,306.602700
766000,264.242100,242.174500,242.168400
767000,205.170300,243.263900,234.633500
768000,194.305500,240.893600,232.365700
769000,189.318200,207.772800,221.842600
770000,179.966900,210.532500,242.139100
771000,236.147100,272.390000,269.743400
772000,227.574300,238.125300,247.841300
773000,202.598500,225.441100,212.205300
774000,165.845500,190.467600,211.963700
775000,175.569600,203.858400,239.040200
776000,190.088300,199.810300,237.626600
777000,195.093200,242.545200,233.587300
778000,194.569500,243.289800,244.964700
779000,210.531600,249.251300,243.970200
780000,199.138400,261.858400,231.052800
781000,194.262000,246.599400,235.036400
782000,201.298800,244.234400,267.798300
783000,187.813900,211.698700,276.213500
784000,196.950000,263.213000,268.705000
785000,218.447500,244.588400,223.055100
786000,187.660700,228.845800,241.999300
787000,192.907000,221.976700,279.079700
788000,182.394400,222.813500,227.333600
789000,196.987600,275.960500,228.411400
790000,279.406200,330.054700,319.806800
791000,197.145500,184.238600,251.516600
792000,179.902000,185.141100,233.638400
793000,201.340400,255.826700,228.213500
794000,195.554900,254.983200,228.980100
795000,195.375900,243.782400,350.132300
796000,304.074800,325.999500,279.185000
797000,231.586700,268.548900,268.728400
798000,189.351700,252.361900,239.277700
799000,190.305200,213.793100,219.241600
800000,170.759600,188.958800,218.112900
801000,199.527700,284.984300,267.810800
802000,223.897200,251.921700,231.287900
803000,191.522900,222.287900,229.822300
804000,207.470700,274.357200,265.435500
805000,217.908300,257.238600,234.828300
806000,200.386900,267.234900,265.442100
807000,241.249000,290.933200,263.070900
808000,205.009300,263.964800,232.250400
809000,210.548400,251.821500,269.185200
810000,192.060900,257.433300,267.963300
811000,194.297400,224.993500,229.952500
812000,193.230200,285.638000,271.812000
813000,229.967100,294.754800,244.112000
814000,203.294500,241.476600,234.932300
815000,187.042800,200.515400,222.540300
816000,183.157000,212.418900,291.800200
817000,212.629600,283.099900,282.279800
818000,251.830200,313.013500,288.067600
819000,278.615600,341.252000,347.689400
820000,239.282700,272.893100,239.762900
821000,205.467900,270.651500,259.046700
822000,210.317600,252.573100,259.026700
823000,245.850600,311.467300,268.557300
824000,231.532400,270.455100,262.501400
825000,232.941600,235.378300,235.929800
826000,194.673400,244.069200,232.987900
827000,185.704700,216.336100,225.630600
828000,178.944600,264.299200,301.326900
829000,243.411900,311.727200,302.014000
830000,232.916300,301.305000,278.797200
831000,219.289400,238.639300,253.188400
832000,210.937000,291.868400,244.334900
833000,212.507800,284.915500,333.724100
834000,285.684700,340.115500,302.846000
835000,245.081800,292.820100,265.522600
836000,208.114200,260.927500,250.855700
837000,204.853000,236.087600,237.378400
838000,196.068800,238.204200,263.353100
839000,183.053700,226.863500,266.577400
840000,208.656100,279.273200,288.790800
841000,229.273900,238.985200,296.544700
842000,210.197900,225.094200,278.081900
843000,204.925600,220.475300,262.226200
844000,211.646600,271.836300,294.009400
845000,217.526700,283.867800,280.564700
846000,246.352800,291.841200,250.451400
847000,210.835700,278.098300,247.886400
848000,220.474000,299.426800,263.783000
849000,216.842300,268.067400,260.304000
850000,211.571500,243.612800,316.764400
851000,301.713600,349.199200,270.900900
852000,214.132000,252.984200,244.410400
853000,219.809500,236.336600,311.895100
854000,200.928000,263.287300,246.379500
855000,212.451600,278.096500,281.214300
856000,265.427400,289.029600,296.602400
857000,202.510400,217.552700,271.331500
858000,187.070600,268.651200,281.717200
859000,211.430100,270.340200,249.428100
860000,210.019700,255.324600,247.329700
861000,242.278000,276.769500,319.219500
862000,280.427500,289.195500,294.170900
863000,223.815000,263.133300,254.639100
864000,204.839400,238.644500,246.419700
865000,183.451600,204.316300,243.504700
866000,183.475200,233.934500,324.412800
867000,255.350800,334.154100,250.128000
868000,207.600300,239.643200,246.246300
869000,210.380800,220.518700,271.503900
870000,226.709900,245.600000,255.973200
871000,224.432600,280.674900,274.076800
872000,261.325900,258.182000,295.457700
873000,227.609300,297.976400,306.855400
874000,230.998500,265.417200,274.324100
875000,211.477900,257.926200,253.997900
876000,199.746500,237.603900,251.989400
877000,254.103800,327.332600,319.447600
878000,314.056300,390.921200,436.297300
879000,212.434800,227.390400,240.854700
880000,188.018500,219.241100,268.478100
881000,215.834700,223.766000,278.859600
882000,268.091200,251.962800,297.250200
883000,258.320200,303.249100,304.678800
884000,244.938000,282.783100,276.165800
885000,229.492100,284.463300,278.688400
886000,209.675100,269.919400,298.851800
887000,231.045500,236.359900,311.577700
888000,252.397700,328.485800,343.926500
889000,231.479900,251.326500,280.511100
890000,212.781100,237.789200,283.282800
891000,217.417500,235.371600,267.428200
892000,281.428400,369.793000,309.576400
893000,256.726400,316.154700,291.119400
894000,223.570000,209.403400,286.232400
895000,200.780900,263.712300,272.660800
896000,227.390500,303.364300,301.269100
897000,222.333100,274.271400,266.386900
898000,262.316100,318.380300,331.108000
899000,247.893100,312.146500,333.600500
900000,254.121200,253.467800,271.379300
901000,215.457000,254.406700,303.154100
902000,196.706800,210.612800,286.741300
903000,251.359000,328.731900,301.398400
904000,241.745500,245.310400,322.613200
905000,223.762000,229.418600,287.386900
906000,211.091200,211.434000,304.627800
907000,235.288200,298.405800,317.104600
908000,299.070200,365.550600,348.035800
909000,236.835500,317.694100,267.799100
910000,229.787200,300.502800,307.688600
911000,237.197900,255.072800,259.313400
912000,232.429000,253.948200,335.439000
913000,284.482100,335.660000,316.600400
914000,226.229500,273.241000,264.748900
915000,208.524500,224.849400,251.685800
916000,203.180700,275.583500,305.669700
917000,237.257600,309.444800,309.393400
918000,280.711700,304.189300,267.822000
919000,194.687800,216.490300,249.580400
920000,212.105700,290.784200,268.162400
921000,225.419800,291.529600,289.912300
922000,225.907400,279.785700,327.018300
923000,234.749000,249.136800,310.320000
924000,228.798700,292.643100,275.878200
925000,226.394400,250.552900,267.203300
926000,211.913900,249.691200,251.448600
927000,198.978700,236.515600,253.756100
928000,228.903100,247.630800,285.690400
929000,228.531200,258.309200,276.440400
930000,212.210500,250.340400,284.932500
931000,238.433100,237.398400,289.194200
932000,241.671900,323.284800,296.641300
933000,246.876600,253.119600,334.257800
934000,239.623600,338.906100,384.596300
935000,315.484600,304.538900,295.329100
936000,237.445100,286.793100,267.316900
937000,219.978700,263.797700,287.926500
938000,232.979700,251.127700,285.278700
939000,260.431700,353.730600,304.785700
940000,234.862500,249.685600,331.559500
941000,229.930300,245.844000,289.401900
942000,230.504600,242.125400,289.794300
943000,243.302900,260.659200,306.064100
944000,270.287700,331.496000,302.957800
945000,243.904600,310.109900,299.259900
946000,247.129900,295.374100,288.930700
947000,236.437600,313.470500,317.642300
948000,266.003900,298.431800,310.171700
949000,281.584800,337.884300,269.746400
950000,234.374900,271.704000,285.980000
951000,220.067300,256.178100,341.799400
952000,228.318300,320.571900,275.263800
953000,244.141000,334.107400,325.438600
954000,271.459000,298.843100,307.903400
955000,208.464200,231.654300,279.886400
956000,242.431000,313.509300,274.921400
957000,234.569400,285.114300,275.634500
958000,262.937100,343.504100,305.758400
959000,269.554500,333.109000,331.549200
960000,268.443500,299.280100,309.209900
961000,225.395600,258.439200,263.263400
962000,204.501900,227.769000,265.669700
963000,296.846000,375.593500,321.168100
964000,230.154400,294.478700,281.245200
965000,225.572100,227.420900,308.356400
966000,211.355800,235.145200,281.357100
967000,244.818800,305.196400,322.515500
968000,322.130100,405.907400,345.413500
969000,263.295900,335.224800,330.145300
970000,252.412500,302.267200,323.365200
971000,227.401600,262.431100,287.739700
972000,244.339900,334.192000,358.258500
973000,292.862300,292.739400,312.213300
974000,239.439100,253.322400,265.291400
975000,209.565900,272.272300,336.444100
976000,253.014400,338.424200,310.966400
977000,253.355000,270.879200,301.393200
978000,207.450400,232.535600,269.410000
979000,214.689600,300.441900,282.204100
980000,243.233600,309.987300,306.864100
981000,234.434800,293.966000,358.954100
982000,261.114000,304.278300,335.272700
983000,242.487600,310.805300,287.066200
984000,230.503600,290.359300,280.786300
985000,244.092300,253.317900,269.408100
986000,210.454800,244.526700,311.064200
987000,283.798200,307.146800,358.599000
988000,308.162700,363.825100,314.979100
989000,239.174000,253.015700,297.315100
990000,272.237800,316.870500,294.663700
991000,268.513900,303.012200,408.906300
992000,298.287600,296.795300,334.903400
993000,271.357300,311.286300,303.233800
994000,253.226400,280.312300,285.219700
995000,239.642400,288.314100,330.004000
996000,286.307600,316.916400,365.626100
997000,296.991600,354.982100,354.636800
998000,231.386100,269.214700,329.522400
999000,229.385000,234.959500,321.038200
